{
    "customData": {
        "images": [
            {
                "data": "4;1;8;2;4;3;2;1;11;2;1;3;1;1;13;2;1;1;4;2;4;4;4;2;5;2;5;4;4;2;4;2;2;4;1;2;2;4;3;2;3;2;2;4;1;3;1;2;2;4;2;2;3;2;1;4;2;3;1;1;2;4;2;2;3;2;1;4;2;1;1;3;2;4;2;2;3;2;2;4;1;1;1;2;2;4;2;2;4;2;2;4;1;2;2;4;3;2;5;2;5;4;4;2;1;3;4;2;3;4;4;2;1;3;13;2;2;3;11;2;1;1;4;3;7;2;3;1;",
                "format": "indexed",
                "height": 16,
                "id": "foo.png",
                "pallete": [
                    {
                        "a": 1.0,
                        "b": 0.8117647171020508,
                        "g": 0.0,
                        "r": 1.0
                    },
                    {
                        "a": 1.0,
                        "b": 1.0,
                        "g": 1.0,
                        "r": 1.0
                    },
                    {
                        "a": 1.0,
                        "b": 0.7960784435272217,
                        "g": 1.0,
                        "r": 0.0
                    },
                    {
                        "a": 1.0,
                        "b": 0.0,
                        "g": 0.0,
                        "r": 0.0
                    }
                ],
                "width": 16
            }
        ]
    },
    "script": "sprite/src/main.luau"
}
